<?xml version="1.0" encoding="UTF-8"?>
<con:soapui-project id="ce1f8912-2fec-467f-9af2-22ef04119a2d" activeEnvironment="Default" name="OCDOProjectAssertion" resourceRoot="${projectDir}" soapui-version="5.3.0" abortOnError="false" runType="SEQUENTIAL" xmlns:con="http://eviware.com/soapui/config"><con:settings/><con:interface xsi:type="con:WsdlInterface" id="8b18f4ea-4b22-4581-9de2-b5a7b8bcce37" wsaVersion="NONE" name="SOAPNodesSampleMessageSetSOAP_HTTP_Binding" type="wsdl" bindingName="{http://com.http.orderservice}SOAPNodesSampleMessageSetSOAP_HTTP_Binding" soapVersion="1_1" anonymous="optional" definition="file:/C:/Users/meenaxi.s.gunjati/IBM/IntegrationToolkit90/workspace/SOAPNodesSampleMessageSet/SOAPNodesSampleMessageSet/orderservice/http/com/OrderService.wsdl" xmlns:xsi="http://www.w3.org/2001/XMLSchema-instance"><con:settings/><con:definitionCache type="TEXT" rootPart="file:/C:/Users/meenaxi.s.gunjati/IBM/IntegrationToolkit90/workspace/SOAPNodesSampleMessageSet/SOAPNodesSampleMessageSet/orderservice/http/com/OrderService.wsdl"><con:part><con:url>file:/C:/Users/meenaxi.s.gunjati/IBM/IntegrationToolkit90/workspace/SOAPNodesSampleMessageSet/SOAPNodesSampleMessageSet/orderservice/http/com/OrderService.wsdl</con:url><con:content><![CDATA[<wsdl:definitions name="Order" targetNamespace="http://com.http.orderservice" xmlns:mrm="http://www.acmeOrders.com/OrderService" xmlns:soap="http://schemas.xmlsoap.org/wsdl/soap/" xmlns:tns="http://com.http.orderservice" xmlns:wsdl="http://schemas.xmlsoap.org/wsdl/" xmlns:xsd="http://www.w3.org/2001/XMLSchema">
  <wsdl:documentation>
    <wsdl:appinfo source="WMQI_APPINFO">
      <MRWSDLAppInfo imported="true">
        <generatedMXSD location="..\..\..\com\acmeorders\www\orderservice\OrderService_InlineSchema1.mxsd"/>
        <binding hasEncoding="false" imported="true" name="SOAPNodesSampleMessageSetSOAP_HTTP_Binding" originalBindingStyle="document"/>
      </MRWSDLAppInfo>
    </wsdl:appinfo>
  </wsdl:documentation>
  <wsdl:types>
    <xsd:schema targetNamespace="http://www.acmeOrders.com/OrderService" xmlns:mrm="http://com.http.orderservice">
      <xsd:include schemaLocation="../../../com/acmeorders/www/orderservice/OrderService_InlineSchema1.mxsd"/>
    </xsd:schema>
  </wsdl:types>
  <wsdl:message name="submitPO_in">
    <wsdl:part element="mrm:submitPORequest" name="submitPORequest"/>
  </wsdl:message>
  <wsdl:message name="submitPO_out">
    <wsdl:part element="mrm:submitPOResponse" name="submitPOResponse"/>
  </wsdl:message>
  <wsdl:portType name="SOAPNodesSampleMessageSetPortType">
    <wsdl:operation name="submitPO">
      <wsdl:input message="tns:submitPO_in" name="submitPO_Input"/>
      <wsdl:output message="tns:submitPO_out" name="submitPO_Output"/>
    </wsdl:operation>
  </wsdl:portType>
  <wsdl:binding name="SOAPNodesSampleMessageSetSOAP_HTTP_Binding" type="tns:SOAPNodesSampleMessageSetPortType">
    <soap:binding style="document" transport="http://schemas.xmlsoap.org/soap/http"/>
    <wsdl:operation name="submitPO">
      <soap:operation soapAction=""/>
      <wsdl:input name="submitPO_Input">
        <soap:body parts="submitPORequest" use="literal"/>
      </wsdl:input>
      <wsdl:output name="submitPO_Output">
        <soap:body parts="submitPOResponse" use="literal"/>
      </wsdl:output>
    </wsdl:operation>
  </wsdl:binding>
  <wsdl:service name="SOAPNodesSample_HTTP_Service">
    <wsdl:port binding="tns:SOAPNodesSampleMessageSetSOAP_HTTP_Binding" name="SOAP_HTTP_Port">
      <soap:address location="http://localhost:7800/acmeOrders/WADDR/ProcessOrders"/>
    </wsdl:port>
  </wsdl:service>
</wsdl:definitions>]]></con:content><con:type>http://schemas.xmlsoap.org/wsdl/</con:type></con:part><con:part><con:url>file:\C:\Users\meenaxi.s.gunjati\IBM\IntegrationToolkit90\workspace\SOAPNodesSampleMessageSet\SOAPNodesSampleMessageSet\com\acmeorders\www\orderservice\OrderService_InlineSchema1.mxsd</con:url><con:content><![CDATA[<xsd:schema targetNamespace="http://www.acmeOrders.com/OrderService" xmlns:jms="http://schemas.xmlsoap.org/soap/jms" xmlns:mrm="http://com.jms.orderservice" xmlns:oldtns1="http://www.acmeOrders.com/OrderService" xmlns:soap="http://schemas.xmlsoap.org/wsdl/soap/" xmlns:tns="http://com.jms.orderservice" xmlns:wsdl="http://schemas.xmlsoap.org/wsdl/" xmlns:xsd="http://www.w3.org/2001/XMLSchema">
  <xsd:element name="submitPOResponse">
    <xsd:annotation>
      <xsd:appinfo source="WMQI_APPINFO">
        <MRMessage messageDefinition="/0/submitPOResponse;XSDElementDeclaration$MRObject" schemaObject="/0/submitPOResponse;XSDElementDeclaration">
          <xmlMsgRep messageSetDefaultRep="XML1" outputPolicyForXsiTypeAttribute="Never"/>
        </MRMessage>
      </xsd:appinfo>
    </xsd:annotation>
    <xsd:complexType>
      <xsd:sequence>
        <xsd:element name="orderStatus" type="xsd:string"/>
        <xsd:element name="orderAmt" type="xsd:int"/>
        <xsd:element name="partNo" type="xsd:string"/>
        <xsd:element name="partQuantity" type="xsd:int"/>
      </xsd:sequence>
    </xsd:complexType>
  </xsd:element>
  <xsd:element name="submitPORequest">
    <xsd:annotation>
      <xsd:appinfo source="WMQI_APPINFO">
        <MRMessage messageDefinition="/0/submitPORequest;XSDElementDeclaration=1$MRObject" schemaObject="/0/submitPORequest;XSDElementDeclaration=1">
          <xmlMsgRep messageSetDefaultRep="XML1" outputPolicyForXsiTypeAttribute="Never"/>
        </MRMessage>
      </xsd:appinfo>
    </xsd:annotation>
    <xsd:complexType>
      <xsd:sequence>
        <xsd:element name="partNo" type="xsd:string"/>
        <xsd:element name="partQuantity" type="xsd:int"/>
        <xsd:element name="personName">
          <xsd:complexType>
            <xsd:sequence>
              <xsd:element name="firstName" type="xsd:string"/>
              <xsd:element name="lastName" type="xsd:string"/>
            </xsd:sequence>
          </xsd:complexType>
        </xsd:element>
        <xsd:element name="address">
          <xsd:complexType>
            <xsd:sequence>
              <xsd:element name="street" type="xsd:string"/>
              <xsd:element name="city" type="xsd:string"/>
              <xsd:element name="zipCode" type="xsd:string"/>
            </xsd:sequence>
          </xsd:complexType>
        </xsd:element>
      </xsd:sequence>
    </xsd:complexType>
  </xsd:element>
</xsd:schema>]]></con:content><con:type>http://www.w3.org/2001/XMLSchema</con:type></con:part></con:definitionCache><con:endpoints><con:endpoint>http://localhost:7800/acmeOrders/WADDR/ProcessOrders</con:endpoint></con:endpoints><con:operation id="f4ee2432-7009-4c97-aac1-9f72be165f55" isOneWay="false" action="" name="submitPO" bindingOperationName="submitPO" type="Request-Response" outputName="submitPO_Output" inputName="submitPO_Input" receivesAttachments="false" sendsAttachments="false" anonymous="optional"><con:settings/><con:call id="8eb829e0-a331-4e26-80aa-c870c8bb2843" name="Request 1"><con:settings><con:setting id="com.eviware.soapui.impl.wsdl.WsdlRequest@request-headers">&lt;xml-fragment/></con:setting></con:settings><con:encoding>UTF-8</con:encoding><con:endpoint>http://169.46.153.222:7800/acmeOrders/WADDR/ProcessOrders</con:endpoint><con:request><![CDATA[<soapenv:Envelope xmlns:soapenv="http://schemas.xmlsoap.org/soap/envelope/" xmlns:ord="http://www.acmeOrders.com/OrderService">\r
   <soapenv:Header/>\r
   <soapenv:Body>\r
      <ord:submitPORequest>\r
         <partNo>IBM</partNo>\r
         <partQuantity>1</partQuantity>\r
         <personName>\r
            <firstName>IBM</firstName>\r
            <lastName>IBM</lastName>\r
         </personName>\r
         <address>\r
            <street>IBM</street>\r
            <city>IBM</city>\r
            <zipCode>IBM</zipCode>\r
         </address>\r
      </ord:submitPORequest>\r
   </soapenv:Body>\r
</soapenv:Envelope>]]></con:request><con:credentials><con:authType>No Authorization</con:authType></con:credentials><con:jmsConfig JMSDeliveryMode="PERSISTENT"/><con:jmsPropertyConfig/><con:wsaConfig mustUnderstand="NONE" version="200508" action="http://com.http.orderservice/SOAPNodesSampleMessageSetPortType/submitPO_Input"/><con:wsrmConfig version="1.2"/></con:call></con:operation></con:interface><con:testSuite id="182541c8-89fc-4c09-b42b-96d60670106c" name="OCDO"><con:settings/><con:runType>SEQUENTIAL</con:runType><con:testCase id="9e71e5ff-447b-4fc0-9fab-a1f2e7314d61" failOnError="true" failTestCaseOnErrors="true" keepSession="false" maxResults="0" name="submitPO-valid" searchProperties="true"><con:settings/><con:testStep type="request" id="2fc90f72-3f13-4bed-9bb7-4c045aae8011" name="submitPO - valid"><con:settings/><con:config xsi:type="con:RequestStep" xmlns:xsi="http://www.w3.org/2001/XMLSchema-instance"><con:interface>SOAPNodesSampleMessageSetSOAP_HTTP_Binding</con:interface><con:operation>submitPO</con:operation><con:request name="submitPO - valid" outgoingWss="" incomingWss="" timeout="" sslKeystore="" useWsAddressing="false" useWsReliableMessaging="false" wssPasswordType="" id="caed23e0-9fac-4eb7-8927-59d5bb9621e0"><con:settings><con:setting id="com.eviware.soapui.impl.wsdl.WsdlRequest@request-headers">&lt;xml-fragment/></con:setting></con:settings><con:encoding>UTF-8</con:encoding><con:endpoint>http://169.46.153.222:7800/acmeOrders/WADDR/ProcessOrders</con:endpoint><con:request><![CDATA[<soapenv:Envelope xmlns:soapenv="http://schemas.xmlsoap.org/soap/envelope/" xmlns:ord="http://www.acmeOrders.com/OrderService">\r
   <soapenv:Header/>\r
   <soapenv:Body>\r
      <ord:submitPORequest>\r
         <partNo>Accenture</partNo>\r
         <partQuantity>1</partQuantity>\r
         <personName>\r
            <firstName>Accenture</firstName>\r
            <lastName>Accenture</lastName>\r
         </personName>\r
         <address>\r
            <street>Accenture</street>\r
            <city>Accenture</city>\r
            <zipCode></zipCode>\r
         </address>\r
      </ord:submitPORequest>\r
   </soapenv:Body>\r
</soapenv:Envelope>]]></con:request><con:assertion type="SOAP Response" id="05cf5af4-b25a-47af-bf20-d205c58c89a0" name="SOAP Response"/><con:credentials><con:authType>No Authorization</con:authType></con:credentials><con:jmsConfig JMSDeliveryMode="PERSISTENT"/><con:jmsPropertyConfig/><con:wsaConfig mustUnderstand="NONE" version="200508" action="http://com.http.orderservice/SOAPNodesSampleMessageSetPortType/submitPO_Input"/><con:wsrmConfig version="1.2"/></con:request></con:config></con:testStep><con:testStep type="request" name="submitPO - valid - assertion" id="bf1c28b1-8541-41fd-80d2-d3ec1587cadc"><con:settings/><con:config xsi:type="con:RequestStep" xmlns:xsi="http://www.w3.org/2001/XMLSchema-instance"><con:interface>SOAPNodesSampleMessageSetSOAP_HTTP_Binding</con:interface><con:operation>submitPO</con:operation><con:request name="submitPO - valid - assertion" id="61f9a3a2-66cd-483a-a31a-d80f3d389835"><con:settings><con:setting id="com.eviware.soapui.impl.wsdl.WsdlRequest@request-headers">&lt;xml-fragment/></con:setting></con:settings><con:encoding>UTF-8</con:encoding><con:endpoint>http://169.46.153.222:7800/acmeOrders/WADDR/ProcessOrders</con:endpoint><con:request><![CDATA[<soapenv:Envelope xmlns:soapenv="http://schemas.xmlsoap.org/soap/envelope/" xmlns:ord="http://www.acmeOrders.com/OrderService">\r
   <soapenv:Header/>\r
   <soapenv:Body>\r
      <ord:submitPORequest>\r
         <partNo>Accenture</partNo>\r
         <partQuantity>1</partQuantity>\r
         <personName>\r
            <firstName>Accenture</firstName>\r
            <lastName>Accenture</lastName>\r
         </personName>\r
         <address>\r
            <street>Accenture</street>\r
            <city>Accenture</city>\r
            <zipCode>Accenture</zipCode>\r
         </address>\r
      </ord:submitPORequest>\r
   </soapenv:Body>\r
</soapenv:Envelope>]]></con:request><con:assertion type="SOAP Response" id="1eb13299-96d6-4a40-848c-69579ade03fe"/><con:assertion type="Schema Compliance" id="bfa763dd-f873-4437-b733-32287151d1fb"><con:configuration/></con:assertion><con:assertion type="SOAP Fault Assertion" id="2235ca8d-a61f-49de-9c99-4e0a7012cdb2"/><con:credentials><con:authType>No Authorization</con:authType></con:credentials><con:jmsConfig JMSDeliveryMode="PERSISTENT"/><con:jmsPropertyConfig/><con:wsaConfig mustUnderstand="NONE" version="200508"/><con:wsrmConfig version="1.2"/></con:request></con:config></con:testStep><con:properties/></con:testCase><con:testCase id="d160f3bd-2df1-4ada-9633-59181c59993d" failOnError="true" failTestCaseOnErrors="true" keepSession="false" maxResults="0" name="submitPO-invalid" searchProperties="true"><con:settings/><con:testStep type="request" name="submitPO - invalid" id="512f2603-4910-4602-9c2b-28f30d3f564d"><con:settings/><con:config xsi:type="con:RequestStep" xmlns:xsi="http://www.w3.org/2001/XMLSchema-instance"><con:interface>SOAPNodesSampleMessageSetSOAP_HTTP_Binding</con:interface><con:operation>submitPO</con:operation><con:request name="submitPO - invalid" id="d9bfce34-1661-430b-b71e-544c9134a369"><con:settings><con:setting id="com.eviware.soapui.impl.wsdl.WsdlRequest@request-headers">&lt;xml-fragment/></con:setting></con:settings><con:encoding>UTF-8</con:encoding><con:endpoint>http://169.46.153.222:7800/acmeOrders/WADDR/ProcessOrders</con:endpoint><con:request><![CDATA[<soapenv:Envelope xmlns:soapenv="http://schemas.xmlsoap.org/soap/envelope/" xmlns:ord="http://www.acmeOrders.com/OrderService">\r
   <soapenv:Header/>\r
   <soapenv:Body>\r
      <ord:submitPORequest>\r
         <partNo>IBM</partNo>\r
         <partQuantity>1</partQuantity>\r
         <personName>\r
            <firstName>Accenture</firstName>\r
            <lastName>Accenture</lastName>\r
         </personName>\r
         <address>\r
            <street>Accenture</street>\r
            <city>Accenture</city>\r
            <zipCode>Accenture</zipCode>\r
         </address>\r
      </ord:submitPORequest>\r
   </soapenv:Body>\r
</soapenv:Envelope>]]></con:request><con:assertion type="SOAP Response" id="dcecf7a2-9fa4-4fb0-8108-bdebf308fd92"/><con:credentials><con:authType>No Authorization</con:authType></con:credentials><con:jmsConfig JMSDeliveryMode="PERSISTENT"/><con:jmsPropertyConfig/><con:wsaConfig mustUnderstand="NONE" version="200508"/><con:wsrmConfig version="1.2"/></con:request></con:config></con:testStep><con:properties/></con:testCase><con:properties/></con:testSuite><con:properties/><con:wssContainer/><con:oAuth2ProfileContainer/><con:oAuth1ProfileContainer/><con:sensitiveInformation/></con:soapui-project>