<?xml version="1.0" encoding="UTF-8"?>
<con:soapui-project id="7abf3f7c-da64-4cf0-bb52-f8d0a5072238" activeEnvironment="Default" name="SOAPtest" resourceRoot="${projectDir}" soapui-version="5.3.0" abortOnError="false" runType="SEQUENTIAL" xmlns:con="http://eviware.com/soapui/config"><con:settings/><con:interface xsi:type="con:WsdlInterface" id="56c06233-0eec-45a8-9659-30482d10b46f" wsaVersion="NONE" name="SOAPNodesSampleMessageSetSOAP_HTTP_Binding" type="wsdl" bindingName="{http://com.http.orderservice}SOAPNodesSampleMessageSetSOAP_HTTP_Binding" soapVersion="1_1" anonymous="optional" definition="file:/C:/Users/meenaxi.s.gunjati/IBM/IntegrationToolkit90/workspace/SOAPNodesSampleMessageSet/SOAPNodesSampleMessageSet/orderservice/http/com/OrderService.wsdl" xmlns:xsi="http://www.w3.org/2001/XMLSchema-instance"><con:settings/><con:definitionCache type="TEXT" rootPart="file:\C:\Users\meenaxi.s.gunjati\IBM\IntegrationToolkit90\workspace\SOAPNodesSampleMessageSet\SOAPNodesSampleMessageSet\orderservice\http\com\OrderService.wsdl"><con:part><con:url>file:\C:\Users\meenaxi.s.gunjati\IBM\IntegrationToolkit90\workspace\SOAPNodesSampleMessageSet\SOAPNodesSampleMessageSet\orderservice\http\com\OrderService.wsdl</con:url><con:content><![CDATA[<wsdl:definitions name="Order" targetNamespace="http://com.http.orderservice" xmlns:mrm="http://www.acmeOrders.com/OrderService" xmlns:soap="http://schemas.xmlsoap.org/wsdl/soap/" xmlns:tns="http://com.http.orderservice" xmlns:wsdl="http://schemas.xmlsoap.org/wsdl/" xmlns:xsd="http://www.w3.org/2001/XMLSchema">
  <wsdl:documentation>
    <wsdl:appinfo source="WMQI_APPINFO">
      <MRWSDLAppInfo imported="true">
        <generatedMXSD location="..\..\..\com\acmeorders\www\orderservice\OrderService_InlineSchema1.mxsd"/>
        <binding hasEncoding="false" imported="true" name="SOAPNodesSampleMessageSetSOAP_HTTP_Binding" originalBindingStyle="document"/>
      </MRWSDLAppInfo>
    </wsdl:appinfo>
  </wsdl:documentation>
  <wsdl:types>
    <xsd:schema targetNamespace="http://www.acmeOrders.com/OrderService" xmlns:mrm="http://com.http.orderservice">
      <xsd:include schemaLocation="../../../com/acmeorders/www/orderservice/OrderService_InlineSchema1.mxsd"/>
    </xsd:schema>
  </wsdl:types>
  <wsdl:message name="submitPO_in">
    <wsdl:part element="mrm:submitPORequest" name="submitPORequest"/>
  </wsdl:message>
  <wsdl:message name="submitPO_out">
    <wsdl:part element="mrm:submitPOResponse" name="submitPOResponse"/>
  </wsdl:message>
  <wsdl:portType name="SOAPNodesSampleMessageSetPortType">
    <wsdl:operation name="submitPO">
      <wsdl:input message="tns:submitPO_in" name="submitPO_Input"/>
      <wsdl:output message="tns:submitPO_out" name="submitPO_Output"/>
    </wsdl:operation>
  </wsdl:portType>
  <wsdl:binding name="SOAPNodesSampleMessageSetSOAP_HTTP_Binding" type="tns:SOAPNodesSampleMessageSetPortType">
    <soap:binding style="document" transport="http://schemas.xmlsoap.org/soap/http"/>
    <wsdl:operation name="submitPO">
      <soap:operation soapAction=""/>
      <wsdl:input name="submitPO_Input">
        <soap:body parts="submitPORequest" use="literal"/>
      </wsdl:input>
      <wsdl:output name="submitPO_Output">
        <soap:body parts="submitPOResponse" use="literal"/>
      </wsdl:output>
    </wsdl:operation>
  </wsdl:binding>
  <wsdl:service name="SOAPNodesSample_HTTP_Service">
    <wsdl:port binding="tns:SOAPNodesSampleMessageSetSOAP_HTTP_Binding" name="SOAP_HTTP_Port">
      <soap:address location="http://localhost:7800/acmeOrders/WADDR/ProcessOrders"/>
    </wsdl:port>
  </wsdl:service>
</wsdl:definitions>]]></con:content><con:type>http://schemas.xmlsoap.org/wsdl/</con:type></con:part><con:part><con:url>file:\C:\Users\meenaxi.s.gunjati\IBM\IntegrationToolkit90\workspace\SOAPNodesSampleMessageSet\SOAPNodesSampleMessageSet\com\acmeorders\www\orderservice\OrderService_InlineSchema1.mxsd</con:url><con:content><![CDATA[<xsd:schema targetNamespace="http://www.acmeOrders.com/OrderService" xmlns:jms="http://schemas.xmlsoap.org/soap/jms" xmlns:mrm="http://com.jms.orderservice" xmlns:oldtns1="http://www.acmeOrders.com/OrderService" xmlns:soap="http://schemas.xmlsoap.org/wsdl/soap/" xmlns:tns="http://com.jms.orderservice" xmlns:wsdl="http://schemas.xmlsoap.org/wsdl/" xmlns:xsd="http://www.w3.org/2001/XMLSchema">
  <xsd:element name="submitPOResponse">
    <xsd:annotation>
      <xsd:appinfo source="WMQI_APPINFO">
        <MRMessage messageDefinition="/0/submitPOResponse;XSDElementDeclaration$MRObject" schemaObject="/0/submitPOResponse;XSDElementDeclaration">
          <xmlMsgRep messageSetDefaultRep="XML1" outputPolicyForXsiTypeAttribute="Never"/>
        </MRMessage>
      </xsd:appinfo>
    </xsd:annotation>
    <xsd:complexType>
      <xsd:sequence>
        <xsd:element name="orderStatus" type="xsd:string"/>
        <xsd:element name="orderAmt" type="xsd:int"/>
        <xsd:element name="partNo" type="xsd:string"/>
        <xsd:element name="partQuantity" type="xsd:int"/>
      </xsd:sequence>
    </xsd:complexType>
  </xsd:element>
  <xsd:element name="submitPORequest">
    <xsd:annotation>
      <xsd:appinfo source="WMQI_APPINFO">
        <MRMessage messageDefinition="/0/submitPORequest;XSDElementDeclaration=1$MRObject" schemaObject="/0/submitPORequest;XSDElementDeclaration=1">
          <xmlMsgRep messageSetDefaultRep="XML1" outputPolicyForXsiTypeAttribute="Never"/>
        </MRMessage>
      </xsd:appinfo>
    </xsd:annotation>
    <xsd:complexType>
      <xsd:sequence>
        <xsd:element name="partNo" type="xsd:string"/>
        <xsd:element name="partQuantity" type="xsd:int"/>
        <xsd:element name="personName">
          <xsd:complexType>
            <xsd:sequence>
              <xsd:element name="firstName" type="xsd:string"/>
              <xsd:element name="lastName" type="xsd:string"/>
            </xsd:sequence>
          </xsd:complexType>
        </xsd:element>
        <xsd:element name="address">
          <xsd:complexType>
            <xsd:sequence>
              <xsd:element name="street" type="xsd:string"/>
              <xsd:element name="city" type="xsd:string"/>
              <xsd:element name="zipCode" type="xsd:string"/>
            </xsd:sequence>
          </xsd:complexType>
        </xsd:element>
      </xsd:sequence>
    </xsd:complexType>
  </xsd:element>
</xsd:schema>]]></con:content><con:type>http://www.w3.org/2001/XMLSchema</con:type></con:part></con:definitionCache><con:endpoints><con:endpoint>http://localhost:7800/acmeOrders/WADDR/ProcessOrders</con:endpoint></con:endpoints><con:operation id="2c4198f8-6859-4199-85bf-5fd35e5337af" isOneWay="false" action="" name="submitPO" bindingOperationName="submitPO" type="Request-Response" outputName="submitPO_Output" inputName="submitPO_Input" receivesAttachments="false" sendsAttachments="false" anonymous="optional"><con:settings/><con:call id="965b1a1b-4027-4f67-ac12-06eaa7df5bdf" name="Request 1"><con:settings><con:setting id="com.eviware.soapui.impl.wsdl.WsdlRequest@request-headers">&lt;xml-fragment/></con:setting></con:settings><con:encoding>UTF-8</con:encoding><con:endpoint>http://localhost:7800/acmeOrders/WADDR/ProcessOrders</con:endpoint><con:request><![CDATA[<soapenv:Envelope xmlns:soapenv="http://schemas.xmlsoap.org/soap/envelope/" xmlns:ord="http://www.acmeOrders.com/OrderService">\r
   <soapenv:Header/>\r
   <soapenv:Body>\r
      <ord:submitPORequest>\r
         <partNo>IBM</partNo>\r
         <partQuantity>1</partQuantity>\r
         <personName>\r
            <firstName>IBM</firstName>\r
            <lastName>IBM</lastName>\r
         </personName>\r
         <address>\r
            <street>IBM</street>\r
            <city>IBM</city>\r
            <zipCode>60089</zipCode>\r
         </address>\r
      </ord:submitPORequest>\r
   </soapenv:Body>\r
</soapenv:Envelope>]]></con:request><con:credentials><con:authType>No Authorization</con:authType></con:credentials><con:jmsConfig JMSDeliveryMode="PERSISTENT"/><con:jmsPropertyConfig/><con:wsaConfig mustUnderstand="NONE" version="200508" action="http://com.http.orderservice/SOAPNodesSampleMessageSetPortType/submitPO_Input"/><con:wsrmConfig version="1.2"/></con:call></con:operation></con:interface><con:testSuite id="0be1c864-0cbd-4ff7-9c37-c82059748187" name="ocdc"><con:settings/><con:runType>SEQUENTIAL</con:runType><con:testCase id="f26789ea-a651-492a-84d5-b5c93fbe06a3" failOnError="true" failTestCaseOnErrors="true" keepSession="false" maxResults="0" name="submitPO TestCase" searchProperties="true"><con:settings/><con:testStep type="request" id="e4e980c7-da74-43df-80a6-a47a3cff2d49" name="submitPO"><con:settings/><con:config xsi:type="con:RequestStep" xmlns:xsi="http://www.w3.org/2001/XMLSchema-instance"><con:interface>SOAPNodesSampleMessageSetSOAP_HTTP_Binding</con:interface><con:operation>submitPO</con:operation><con:request name="submitPO" id="8f681e5d-2ef7-47f1-a44b-f06763d0d17e"><con:settings><con:setting id="com.eviware.soapui.impl.wsdl.WsdlRequest@request-headers">&lt;xml-fragment/></con:setting></con:settings><con:encoding>UTF-8</con:encoding><con:endpoint>http://169.46.153.222:7800/acmeOrders/WADDR/ProcessOrders</con:endpoint><con:request><![CDATA[<soapenv:Envelope xmlns:soapenv="http://schemas.xmlsoap.org/soap/envelope/" xmlns:ord="http://www.acmeOrders.com/OrderService">\r
   <soapenv:Header/>\r
   <soapenv:Body>\r
      <ord:submitPORequest>\r
         <partNo>IBM</partNo>\r
         <partQuantity>1</partQuantity>\r
         <personName>\r
            <firstName>IBM</firstName>\r
            <lastName>IBM</lastName>\r
         </personName>\r
         <address>\r
            <street>IBM</street>\r
            <city>IBM</city>\r
            <zipCode>?</zipCode>\r
         </address>\r
      </ord:submitPORequest>\r
   </soapenv:Body>\r
</soapenv:Envelope>]]></con:request><con:credentials><con:authType>No Authorization</con:authType></con:credentials><con:jmsConfig JMSDeliveryMode="PERSISTENT"/><con:jmsPropertyConfig/><con:wsaConfig action="http://com.http.orderservice/SOAPNodesSampleMessageSetPortType/submitPO_Input" mustUnderstand="NONE" version="200508"/><con:wsrmConfig version="1.2"/></con:request></con:config></con:testStep><con:properties/></con:testCase><con:properties/></con:testSuite><con:properties/><con:wssContainer/><con:oAuth2ProfileContainer/><con:oAuth1ProfileContainer/><con:sensitiveInformation/></con:soapui-project>